<?xml version="1.0" encoding="utf-8"?>
<!--/166943/1127645/2.50/3/3/MOSFET (N-Channel)/-->
<quadcept_library>
  <setting unit="mil" />
  <textstyle name="Default" height="47.244094488189" strokewidth="7.8740157480315" charwidth="47.244094488189" />
  <textstyle name="Dimension" height="19.6850393700787" strokewidth="0" charwidth="19.6850393700787" />
  <textstyle name="H127W0635TH00762" height="50" strokewidth="3" charwidth="25" />
  <textstyle name="H15W15TH02" height="59.0551181102362" strokewidth="7.8740157480315" charwidth="59.0551181102362" />
  <padstyle name="c243_h162" surface="False" plated="True" isvia="False" nopaste="True" nomask="True" complex="False" holesize="63.779527559054">
    <padshape layer="TOP" shape="round" width="95.669291338582" height="95.669291338582" />
    <padshape layer="TOP_SOLDER_MASK" shape="round" width="103.54330708661" height="103.54330708661" />
    <padshape layer="INNER" shape="round" width="95.669291338582" height="95.669291338582" />
    <padshape layer="BOTTOM" shape="round" width="95.669291338582" height="95.669291338582" />
    <padshape layer="BOTTOM_SOLDER_MASK" shape="round" width="103.54330708661" height="103.54330708661" />
  </padstyle>
  <padstyle name="s243_h162" surface="False" plated="True" isvia="False" nopaste="True" nomask="True" complex="False" holesize="63.779527559054">
    <padshape layer="TOP" shape="square" width="95.669291338582" height="95.669291338582" />
    <padshape layer="TOP_SOLDER_MASK" shape="square" width="103.54330708661" height="103.54330708661" />
    <padshape layer="INNER" shape="round" width="95.669291338582" height="95.669291338582" />
    <padshape layer="BOTTOM" shape="square" width="95.669291338582" height="95.669291338582" />
    <padshape layer="BOTTOM_SOLDER_MASK" shape="square" width="103.54330708661" height="103.54330708661" />
  </padstyle>
  <footprint name="TO545P500X1580X2420-3P" originx="0" originy="0" pickpointx="0" pickpointy="0">
    <pcbpin number="1" name="1" style="s243_h162" originx="0" originy="0" rotation="90" />
    <pcbpin number="2" name="2" style="c243_h162" originx="214.56692913386" originy="0" rotation="90" />
    <pcbpin number="3" name="3" style="c243_h162" originx="429.13385826771" originy="0" rotation="90" />
    <line layer="TOP_PLACE_BOUND" originx="-114.17322834646" originy="138.77952755905" endx="543.30708661417" endy="138.77952755905" width="1.9685039370079" />
    <line layer="TOP_PLACE_BOUND" originx="543.30708661417" originy="138.77952755905" endx="543.30708661417" endy="-77.75590551181" width="1.9685039370079" />
    <line layer="TOP_PLACE_BOUND" originx="543.30708661417" originy="-77.75590551181" endx="-114.17322834646" endy="-77.75590551181" width="1.9685039370079" />
    <line layer="TOP_PLACE_BOUND" originx="-114.17322834646" originy="-77.75590551181" endx="-114.17322834646" endy="138.77952755905" width="1.9685039370079" />
    <line layer="TOP_ASSEMBLY" originx="-104.33070866142" originy="128.93700787401" endx="533.46456692913" endy="128.93700787401" width="3.9370078740157" />
    <line layer="TOP_ASSEMBLY" originx="533.46456692913" originy="128.93700787401" endx="533.46456692913" endy="-67.913385826771" width="3.9370078740157" />
    <line layer="TOP_ASSEMBLY" originx="533.46456692913" originy="-67.913385826771" endx="-104.33070866142" endy="-67.913385826771" width="3.9370078740157" />
    <line layer="TOP_ASSEMBLY" originx="-104.33070866142" originy="-67.913385826771" endx="-104.33070866142" endy="128.93700787401" width="3.9370078740157" />
    <line layer="TOP_ASSEMBLY" originx="-104.33070866142" originy="21.653543307086" endx="2.9527559055118" endy="128.93700787401" width="3.9370078740157" />
    <line layer="TOP_SILKSCREEN" originx="533.46456692913" originy="-67.913385826771" endx="533.46456692913" endy="128.93700787401" width="7.8740157480314" />
    <line layer="TOP_SILKSCREEN" originx="533.46456692913" originy="128.93700787401" endx="-104.33070866142" endy="128.93700787401" width="7.8740157480314" />
    <line layer="TOP_SILKSCREEN" originx="-104.33070866142" originy="128.93700787401" endx="-104.33070866142" endy="0" width="7.8740157480314" />
  </footprint>
  <symbol name="FDA18N50" originx="0" originy="0">
    <line originx="300" originy="100" endx="300" endy="-100" width="0" />
    <line originx="300" originy="200" endx="300" endy="300" width="0" />
    <line originx="100" originy="0" endx="200" endy="0" width="0" />
    <line originx="200" originy="200" endx="200" endy="0" width="0" />
    <line originx="300" originy="100" endx="230" endy="100" width="0" />
    <line originx="300" originy="200" endx="230" endy="200" width="0" />
    <line originx="230" originy="0" endx="300" endy="0" width="0" />
    <line originx="230" originy="220" endx="230" endy="180" width="0" />
    <line originx="230" originy="-20" endx="230" endy="20" width="0" />
    <line originx="230" originy="80" endx="230" endy="120" width="0" />
    <arc originx="250" originy="100" startangle="180" sweepangle="180" radius="150" width="0" />
    <arc originx="250" originy="100" startangle="180" sweepangle="-180" radius="150" width="0" />
    <sympin number="1" originx="100" originy="0" rotation="180" length="100" width="7.8740157480315" flipped="False">
      <text name="pinname" originx="0" originy="-20" style="Default" rotation="0" justify="upperleft" flipped="False" hidden="True" data="G" />
      <text name="pindes" originx="80" originy="10" style="Default" rotation="0" justify="lowerright" flipped="False" hidden="False" data="1" />
    </sympin>
    <sympin number="2" originx="300" originy="300" rotation="90" length="100" width="7.8740157480315" flipped="False">
      <text name="pinname" originx="320" originy="400" style="Default" rotation="90" justify="upperleft" flipped="False" hidden="True" data="D" />
      <text name="pindes" originx="280" originy="400" style="Default" rotation="90" justify="upperright" flipped="False" hidden="False" data="2" />
    </sympin>
    <sympin number="3" originx="300" originy="-100" rotation="270" length="100" width="7.8740157480315" flipped="False">
      <text name="pinname" originx="320" originy="-200" style="Default" rotation="90" justify="lowerleft" flipped="False" hidden="True" data="S" />
      <text name="pindes" originx="280" originy="-200" style="Default" rotation="90" justify="lowerright" flipped="False" hidden="False" data="3" />
    </sympin>
    <polygon type="polygon">
      <point x="230" y="100" />
      <point x="270" y="120" />
      <point x="270" y="80" />
    </polygon>
  </symbol>
  <component name="FDA18N50" designatorprefix="Q" height="196.85039370078" footprint="TO545P500X1580X2420-3P">
    <comppin designator="1" sympin="1" pinswap="0" gateswap="0" gate="1" group="1" side="" type="Any" name="G" />
    <comppin designator="2" sympin="2" pinswap="0" gateswap="0" gate="1" group="1" side="" type="Any" name="D" />
    <comppin designator="3" sympin="3" pinswap="0" gateswap="0" gate="1" group="1" side="" type="Any" name="S" />
    <attached_symbol gate="1" name="FDA18N50" />
    <pinmap designator="1" footprintpin="1" />
    <pinmap designator="2" footprintpin="2" />
    <pinmap designator="3" footprintpin="3" />
    <text name="Datasheet" originx="0" originy="0" style="Default" rotation="0" justify="" flipped="False" hidden="True" data="https://componentsearchengine.com/Datasheets/1/FDA18N50.pdf" />
    <text name="Description" originx="0" originy="0" style="Default" rotation="0" justify="" flipped="False" hidden="True" data="Trans MOSFET N-CH 500V 19A 3-Pin TO-3P" />
    <text name="Mouser Part Number" originx="0" originy="0" style="Default" rotation="0" justify="" flipped="False" hidden="True" data="512-FDA18N50" />
    <text name="Mouser Price/Stock" originx="0" originy="0" style="Default" rotation="0" justify="" flipped="False" hidden="True" data="https://www.mouser.co.uk/ProductDetail/onsemi-Fairchild/FDA18N50?qs=fZj41zbgrf3mYLHPj%2FqPtA%3D%3D" />
    <text name="Manufacturer_Name" originx="0" originy="0" style="Default" rotation="0" justify="" flipped="False" hidden="True" data="onsemi" />
    <text name="Manufacturer_Part_Number" originx="450" originy="50" style="Default" rotation="0" justify="left" flipped="False" hidden="False" data="FDA18N50" />
  </component>
</quadcept_library>
