<?xml version="1.0" encoding="utf-8"?>
<!--/15951328/1127645/2.50/2/2/Capacitor/-->
<quadcept_library>
  <setting unit="mil" />
  <textstyle name="Default" height="47.244094488189" strokewidth="7.8740157480315" charwidth="47.244094488189" />
  <textstyle name="Dimension" height="19.6850393700787" strokewidth="0" charwidth="19.6850393700787" />
  <textstyle name="H127W0635TH00762" height="50" strokewidth="3" charwidth="25" />
  <textstyle name="H15W15TH02" height="59.0551181102362" strokewidth="7.8740157480315" charwidth="59.0551181102362" />
  <padstyle name="r270_115" surface="True" plated="False" isvia="False" nopaste="False" nomask="True" complex="False" holesize="0">
    <padshape layer="TOP" shape="rectangle" width="45.275590551181" height="106.29921259842" />
    <padshape layer="TOP_SOLDER_MASK" shape="rectangle" width="53.149606299212" height="114.17322834646" />
    <padshape layer="TOP_SOLDER_PASTE" shape="rectangle" width="45.275590551181" height="106.29921259842" />
  </padstyle>
  <footprint name="C1210" originx="0" originy="0" pickpointx="0" pickpointy="0">
    <pcbpin number="1" name="1" style="r270_115" originx="-59.055118110235" originy="0" rotation="0" />
    <pcbpin number="2" name="2" style="r270_115" originx="59.055118110235" originy="0" rotation="0" />
    <line layer="TOP_ASSEMBLY" originx="-64.960629921259" originy="49.212598425196" endx="64.960629921259" endy="49.212598425196" width="7.8740157480314" />
    <line layer="TOP_ASSEMBLY" originx="64.960629921259" originy="49.212598425196" endx="64.960629921259" endy="-49.212598425196" width="7.8740157480314" />
    <line layer="TOP_ASSEMBLY" originx="64.960629921259" originy="-49.212598425196" endx="-64.960629921259" endy="-49.212598425196" width="7.8740157480314" />
    <line layer="TOP_ASSEMBLY" originx="-64.960629921259" originy="-49.212598425196" endx="-64.960629921259" endy="49.212598425196" width="7.8740157480314" />
    <arc layer="TOP_SILKSCREEN" originx="-100.3937007874" originy="0" startangle="180" sweepangle="180" radius="1.9685039370079" width="7.8740157480314" />
    <arc layer="TOP_SILKSCREEN" originx="-100.3937007874" originy="0" startangle="180" sweepangle="-180" radius="1.9685039370079" width="7.8740157480314" />
    <line layer="TOP_PLACE_BOUND" originx="-113.18897637795" originy="88.582677165353" endx="113.18897637795" endy="88.582677165353" width="1.9685039370079" />
    <line layer="TOP_PLACE_BOUND" originx="113.18897637795" originy="88.582677165353" endx="113.18897637795" endy="-88.582677165353" width="1.9685039370079" />
    <line layer="TOP_PLACE_BOUND" originx="113.18897637795" originy="-88.582677165353" endx="-113.18897637795" endy="-88.582677165353" width="1.9685039370079" />
    <line layer="TOP_PLACE_BOUND" originx="-113.18897637795" originy="-88.582677165353" endx="-113.18897637795" endy="88.582677165353" width="1.9685039370079" />
  </footprint>
  <symbol name="C1210C105K1RACTM" originx="0" originy="0">
    <line originx="220" originy="100" endx="220" endy="-100" width="0" />
    <line originx="280" originy="100" endx="280" endy="-100" width="0" />
    <line originx="200" originy="0" endx="220" endy="0" width="0" />
    <line originx="280" originy="0" endx="300" endy="0" width="0" />
    <sympin number="1" originx="200" originy="0" rotation="180" length="100" width="7.8740157480315" flipped="False">
      <text name="pinname" originx="0" originy="-10" style="Default" rotation="0" justify="upperleft" flipped="False" hidden="True" data="1" />
      <text name="pindes" originx="0" originy="10" style="Default" rotation="0" justify="lowerleft" flipped="False" hidden="False" data="1" />
    </sympin>
    <sympin number="2" originx="300" originy="0" rotation="0" length="100" width="7.8740157480315" flipped="False">
      <text name="pinname" originx="500" originy="-10" style="Default" rotation="0" justify="upperright" flipped="False" hidden="True" data="2" />
      <text name="pindes" originx="500" originy="10" style="Default" rotation="0" justify="lowerright" flipped="False" hidden="False" data="2" />
    </sympin>
  </symbol>
  <component name="C1210C105K1RACTM" designatorprefix="C" height="0" footprint="C1210">
    <comppin designator="1" sympin="1" pinswap="0" gateswap="0" gate="1" group="1" side="" type="Any" name="1" />
    <comppin designator="2" sympin="2" pinswap="0" gateswap="0" gate="1" group="1" side="" type="Any" name="2" />
    <attached_symbol gate="1" name="C1210C105K1RACTM" />
    <pinmap designator="1" footprintpin="1" />
    <pinmap designator="2" footprintpin="2" />
    <text name="Datasheet" originx="0" originy="0" style="Default" rotation="0" justify="" flipped="False" hidden="True" data="https://content.kemet.com/datasheets/KEM_C1002_X7R_SMD.pdf" />
    <text name="Description" originx="0" originy="0" style="Default" rotation="0" justify="" flipped="False" hidden="True" data="SMD Comm X7R, Ceramic, 1 uF, 10%, 100 VDC, 250 VDC, 125C, -55C, X7R, SMD, MLCC, Temperature Stable, Class II, 2.5 % , 500 MOhms, 85 mg, 1210, 3.2mm, 2.5mm, 1.7mm, 0.5mm, 2000, 78  Weeks, 80" />
    <text name="Mouser Part Number" originx="0" originy="0" style="Default" rotation="0" justify="" flipped="False" hidden="True" data="80-C1210C105K1RACTM" />
    <text name="Mouser Price/Stock" originx="0" originy="0" style="Default" rotation="0" justify="" flipped="False" hidden="True" data="https://www.mouser.co.uk/ProductDetail/KEMET/C1210C105K1RACTM?qs=gt1LBUVyoHkoe6sHAWmw2Q%3D%3D" />
    <text name="Manufacturer_Name" originx="0" originy="0" style="Default" rotation="0" justify="" flipped="False" hidden="True" data="KEMET" />
    <text name="Manufacturer_Part_Number" originx="350" originy="150" style="Default" rotation="0" justify="left" flipped="False" hidden="False" data="C1210C105K1RACTM" />
  </component>
</quadcept_library>
